,factor,model_type,n_samples,cv_method,n_folds,mae_mean,mae_std,rmse_mean,rmse_std,r2_mean,r2_std,accuracy_mean,accuracy_std,f1_mean,f1_std,auc_mean,auc_std
0,egf,regression,256,5-fold,5,0.061972118641179186,0.010069776406885864,0.1580873330991595,0.07556431383869083,0.9642260814867416,0.04118994966750101,,,,,,
1,y27632,binary_classifier,660,5-fold Stratified,5,,,,,,,0.809090909090909,0.026417569354791993,0.7265286094084049,0.05139747180691713,0.8928079399046585,0.018823955858677743
2,n_acetyl_cysteine,binary_classifier,660,5-fold Stratified,5,,,,,,,0.809090909090909,0.016177391290956564,0.6355050482879718,0.02753008312784768,0.8914012811596574,0.01422657086896365
3,a83_01,binary_classifier,660,5-fold Stratified,5,,,,,,,0.809090909090909,0.016177391290956564,0.6355050482879718,0.02753008312784768,0.8914012811596574,0.01422657086896365
4,sb202190,binary_classifier,660,5-fold Stratified,5,,,,,,,0.9151515151515153,0.017539146822409448,0.6234288699805941,0.08791649182507587,0.9413077379438934,0.023071029341784767
5,fgf2,binary_classifier,660,5-fold Stratified,5,,,,,,,0.9454545454545455,0.008834775598250482,0.749505376344086,0.05993643682857971,0.9608547008547008,0.024777874578823824
6,cholera_toxin,regression,25,3-fold,3,0.47494026922799243,0.1060506925762476,0.6584364791356901,0.13401169095400706,0.4811757130650796,0.16710704688104633,,,,,,
7,insulin,constant,5,N/A,0,,,,,,,,,,,,
